上位のクエリ,クリック数,表示回数,CTR,掲載順位
フォルダアイコン 変更 できない,18,160,11.25%,4.38
フォルダ アイコン 変更できない,6,36,16.67%,4.89
folderly 使い方,3,165,1.82%,8.64
アイコンの変更 反映されない,2,24,8.33%,9.58
フォルダアイコン変更 できない,2,23,8.7%,3.65
フォルダ 色変更 できない,1,22,4.55%,7.82
why won't my folder icon change,1,4,25%,5.75
フォルダの色を変える windows11,1,1,100%,4
フォルダリー アプリ,0,40,0%,6.3
フォルダリー 使い方,0,31,0%,8.32
folderly アプリ 無料,0,29,0%,7.9
ファイル アイコン 変更 できない,0,26,0%,3.35
アイコンの変更ができない,0,23,0%,5.26
フォルダリー,0,20,0%,5.2
folderly 無料,0,17,0%,7.24
folderly 安全,0,14,0%,8.64
アイコンが変わらない,0,12,0%,11.67
folderly 日本語にする方法,0,10,0%,8.2
folderly custom logo,0,9,0%,6.56
folderly 日本語にする 方法,0,9,0%,6.78
アイコン 変更できない,0,8,0%,2.25
アイコンが変更できない,0,8,0%,4
folderly アプリ,0,8,0%,5
folderly,0,8,0%,5.75
folder change,0,7,0%,34.71
folder icon not changing windows 11,0,6,0%,8
アイコン 変わらない,0,6,0%,8.67
アイコン変更できない,0,5,0%,5.4
windows アイコン 変更できない,0,5,0%,7.6
アイコン変わらない,0,5,0%,9.4
folderly windows,0,5,0%,10.6
folderly 日本語,0,4,0%,2.5
アイコン変更 反映されない,0,4,0%,9.75
windows11 フォルダアイコン変更 できない,0,4,0%,29.5
folder icon changer,0,4,0%,41.5
why is my folder icon not changing,0,3,0%,8.33
フォルダ アイコン 変更,0,3,0%,12
ファイル アイコン変更 windows11,0,2,0%,3
windows フォルダ アイコン 変更,0,2,0%,8.5
フォルダのアイコンを変更,0,2,0%,8.5
windows 11 folder icon not changing,0,2,0%,9.5
how to change folder picture,0,2,0%,45
ない,0,1,0%,2
didnt work still,0,1,0%,3
hindi parin,0,1,0%,3
windows11 アイコン変更 できない,0,1,0%,3
เปลี่ยนไม่ได้,0,1,0%,3
もどらない,0,1,0%,3
デスクトップ アイコン変更 できない,0,1,0%,3
荒野行動アイコン変えれない,0,1,0%,3
lo hice y sigue sin funcionar,0,1,0%,4
no change,0,1,0%,4
não muda,0,1,0%,4
アップルアカウント アイコン 変わらない,0,1,0%,4
エクスプローラー アイコン 変更,0,1,0%,4
did not work,0,1,0%,5
windows11 ファイル アイコン変更 できない,0,1,0%,5
一覧が出てこない,0,1,0%,5
folderly for windows,0,1,0%,6
no me funciona,0,1,0%,6
windows 11 folder icons,0,1,0%,6
フォルダアイコン 変更 画像,0,1,0%,6
foldely,0,1,0%,7
windows ファイル アイコン 変更,0,1,0%,7
カスタマイズできない,0,1,0%,7
it didnt work,0,1,0%,9
nothing changes,0,1,0%,9
フォルダ アイコン 表示されない,0,1,0%,9
되는데?,0,1,0%,9
how to change a folder icon to a picture,0,1,0%,10
olmadı,0,1,0%,10
windows アイコン 変わらない,0,1,0%,11
フォルダアイコン変更,0,1,0%,11
フォルダ アイコン変更,0,1,0%,17
foldericonchanger,0,1,0%,23
folder changer,0,1,0%,34
how to change folder icon to picture,0,1,0%,39
アイコンが変わってしまった,0,1,0%,43
how to make a picture a folder icon windows 10,0,1,0%,45
how to change folder icons,0,1,0%,47
change folder icon to picture,0,1,0%,48
how to change folder image,0,1,0%,53